UserName,GivenName,Surname,StreetAddress,City,Country,TelephoneNumber,OU,Group
Aaron.Frederick,Aaron,Frederick,4285 Douglas Dairy Road,Martinsville,US,276-648-6662,Finance,Managers
Terry.Ruvalcaba,Terry,Ruvalcaba,787 Masonic Hill Road,Cabot,US,501-605-1225,Finance,Managers
Nancy.Jones,Nancy,Jones,939 Todds Lane,San Antonio,US,210-582-7322,Finance,Managers
Gary.Lane,Gary,Lane,2464 Better Street,Kansas City,US,913-226-2761,Finance,Managers
Althea.McFall,Althea,McFall,493 Rainbow Drive,Creston,US,330-435-2023,Finance,Managers
Tracie.Carter,Tracie,Carter,2331 Riverside Drive,Augusta,US,706-849-4283,Finance,Employees
David.Jones,David,Jones,494 Geneva Street,New York,US,917-486-9333,Finance,Employees
Nicole.Young,Nicole,Young,888 Oakmound Drive,Chicago,US,773-417-4056,Finance,Employees
Walter.Miles,Walter,Miles,3496 Arbutus Drive,Miami,US,305-909-2297,Finance,Employees
Emma.Slade,Emma,Slade,1374 Ashmor Drive,Fargo,US,218-331-1520,Finance,Employees
Antwan.Hollis,Antwan,Hollis,4349 Colony Street,Norwalk,US,203-244-9635,Finance,Employees
Ann.Turpen,Ann,Turpen,1142 Fantages Way,East Millinocket,US,207-746-2083,Finance,Employees
Stephen.Terry,Stephen,Terry,256 Armbrester Drive,Topanga,US,310-455-6844,Finance,Employees
Gregory.Jordan,Gregory,Jordan,2363 Lakewood Drive,Englewood,US,201-871-7667,Finance,Employees
Xavier.Wininger,Xavier,Wininger,1026 Olive Street,Hayesville,US,419-368-4178,Finance,Employees
Mathew.Richardson,Mathew,Richardson,1509 George Avenue,Belle Fontaine,US,251-245-4177,Finance,Employees
Jessica.Goss,Jessica,Goss,2794 Tully Street,Detroit,US,313-706-8318,Finance,Employees
Felicia.Martinez,Felicia,Martinez,877 Moonlight Drive,Camden,US,609-575-5239,Finance,Employees
Grace.Player,Grace,Player,1546 Wildrose Lane,Dearborn,US,313-845-6056,Finance,Employees
Michele.Cardello,Michele,Cardello,2651 Lakeland Park Drive,Marietta,US,770-612-8066,Finance,Employees
Dorothy.Johnson,Dorothy,Johnson,3397 Center Avenue,Fresno,US,559-433-8080,Finance,Employees
Alta.Stringer,Alta,Stringer,4013 Star Route,Wood Dale,US,708-589-4470,Finance,Employees
Mark.Carpenter,Mark,Carpenter,2287 Waterview Lane,Santa Fe,US,505-438-0756,Finance,Employees
Valerie.Brookins,Valerie,Brookins,3580 Baker Avenue,Farmers Branch,US,817-819-7143,Finance,Employees
Debra.Nevels,Debra,Nevels,576 Despard Street,Atlanta,US,404-712-2475,Finance,Employees
Brian.Bostic,Brian,Bostic,4666 Davis Place,Maumee,US,419-266-5695,Finance,Employees
Jean.Killingsworth,Jean,Killingsworth,4539 Clousson Road,Moville,US,712-873-8472,Finance,Employees
Sylvia.Cruz,Sylvia,Cruz,2374 Lady Bug Drive,Alamosa,US,719-203-1862,Finance,Employees
Nancy.Crawford,Nancy,Crawford,4807 Duncan Avenue,New York,US,917-544-7867,Finance,Employees
Carolyn.Scott,Carolyn,Scott,1003 Williams Avenue,Bakersfield,US,661-336-7584,Finance,Employees
Lorie.Cieslak,Lorie,Cieslak,3285 Atha Drive,Bakersfield,US,661-584-9083,IT,Managers
Michele.Jones,Michele,Jones,4554 Parrish Avenue,Santa Clara,US,831-251-2634,IT,Managers
Paula.Taylor,Paula,Taylor,2231 Broadcast Drive,Charlotte,US,704-234-0740,IT,Managers
April.Cherry,April,Cherry,2989 Reynolds Alley,Los Angeles,US,562-334-4465,IT,Managers
Rachel.Davis,Rachel,Davis,3663 Sampson Street,Denver,US,303-580-3733,IT,Managers
Carol.Williams,Carol,Williams,2222 Norma Lane,Shreveport,US,318-560-3023,IT,Employees
Sharon.Myers,Sharon,Myers,428 Lost Creek Road,Minneapolis,US,612-207-9295,IT,Employees
Leroy.Negrete,Leroy,Negrete,3387 Brentwood Drive,Dripping Springs,US,512-858-1696,IT,Employees
Justin.Verdugo,Justin,Verdugo,1039 Davis Avenue,San Francisco,US,707-669-0382,IT,Employees
Angela.Simmons,Angela,Simmons,4863 Ella Street,San Francisco,US,650-207-4432,IT,Employees
Myrna.Williams,Myrna,Williams,699 Locust Street,Cordele,US,229-805-6820,IT,Employees
Robert.Himes,Robert,Himes,3294 Horizon Circle,Seattle,US,253-561-2360,IT,Employees
Mary.Watson,Mary,Watson,3527 Illinois Avenue,Portland,US,503-706-3923,IT,Employees
Ana.Cashion,Ana,Cashion,852 Dogwood Road,Phoenix,US,602-629-1538,IT,Employees
James.Perkins,James,Perkins,1589 Olive Street,Vanlue,US,419-387-6383,IT,Employees
Adam.Wall,Adam,Wall,622 Gandy Street,Saint Louis,US,314-963-8620,IT,Employees
Hannah.Pinkham,Hannah,Pinkham,2377 Jerry Dove Drive,Myrtle Beach,US,843-427-4655,IT,Employees
Shawn.Jacobsen,Shawn,Jacobsen,2955 Thompson Drive,San Leandro,US,510-481-9285,IT,Employees
Haley.Nicholson,Haley,Nicholson,1919 Melville Street,Union City,US,731-509-3284,IT,Employees
Jeff.Alexander,Jeff,Alexander,2773 Northwest Boulevard,Kearny,US,201-997-9998,IT,Employees
Neil.Hamilton,Neil,Hamilton,3267 Martha Ellen Drive,Sparks,US,775-685-4026,IT,Employees
Janice.Oquinn,Janice,Oquinn,3190 Kelley Road,Gulfport,US,228-547-4595,IT,Employees
Hui.Brown,Hui,Brown,748 Beech Street,Pleasanton,US,925-846-5700,IT,Employees
Nancy.Cuevas,Nancy,Cuevas,4895 Ryan Road,Watertown,US,605-520-7387,IT,Employees
Beulah.Lemons,Beulah,Lemons,500 Meadowcrest Lane,Science Hill,US,606-423-4440,IT,Employees
Alec.Rosborough,Alec,Rosborough,3027 Monroe Street,Houston,US,713-388-5802,IT,Employees
Walter.Randall,Walter,Randall,4398 Ashwood Drive,Sioux City,US,712-389-6409,IT,Employees
Charlotte.Farr,Charlotte,Farr,2234 Kemper Lane,Salt Lake City,US,801-855-4076,IT,Employees
Constance.Meyer,Constance,Meyer,3937 Elk Street,Rancho Santa Margarita,US,949-706-1593,IT,Employees
Danny.Scott,Danny,Scott,4923 Skips Lane,Phoenix,US,928-555-5372,IT,Employees
Shawn.Silveira,Shawn,Silveira,1464 Hickory Lane,Washington,US,202-502-3840,Marketing,Managers
Mohammad.Wright,Mohammad,Wright,4968 Parrish Avenue,San Antonio,US,830-865-0684,Marketing,Managers
Kathleen.Romo,Kathleen,Romo,3034 Cinnamon Lane,San Antonio,US,210-787-4158,Marketing,Managers
Raymond.Speight,Raymond,Speight,1579 August Lane,Alexandria,US,318-445-3560,Marketing,Managers
Maria.Brodsky,Maria,Brodsky,4227 Sundown Lane,Austin,US,512-339-5854,Marketing,Managers
William.Spencer,William,Spencer,983 Snowbird Lane,Omaha,US,402-660-0280,Marketing,Employees
Thelma.Jordan,Thelma,Jordan,3883 University Drive,Hickory Hills,US,312-805-1174,Marketing,Employees
Jacqueline.Paul,Jacqueline,Paul,3580 Harron Drive,Columbia,US,443-574-6572,Marketing,Employees
Bonnie.Thomas,Bonnie,Thomas,3701 Mayo Street,Cincinnati,US,859-640-0909,Marketing,Employees
Susan.Brown,Susan,Brown,2649 Randall Drive,Waipahu,US,808-895-7082,Marketing,Employees
Margarito.Clark,Margarito,Clark,3006 Valley View Drive,Brookline,US,617-732-9465,Marketing,Employees
Isabel.Blake,Isabel,Blake,1440 Platinum Drive,Greensburg,US,724-832-4102,Marketing,Employees
Thomas.Santos,Thomas,Santos,305 Redbud Drive,Whitestone,US,347-668-6545,Marketing,Employees
George.Patrick,George,Patrick,3841 Hilltop Drive,Pampa,US,806-277-8416,Marketing,Employees
Sadie.Nelson,Sadie,Nelson,3288 Jadewood Drive,Chicago,US,224-218-0821,Marketing,Employees
Bonnie.Balk,Bonnie,Balk,463 Hillside Drive,Cambridge,US,339-555-6005,Marketing,Employees
James.Armstrong,James,Armstrong,4649 Valley Street,Haddonfield,US,856-857-1661,Marketing,Employees
Keith.Iglesias,Keith,Iglesias,4525 Marie Street,Woodlawn,US,410-966-5378,Marketing,Employees
Kevin.Christopher,Kevin,Christopher,4027 Rosemont Avenue,Orlando,US,321-988-1349,Marketing,Employees
Bill.Morris,Bill,Morris,2020 Circle Drive,Houston,US,832-465-8019,Marketing,Employees
Julie.Connor,Julie,Connor,2824 Eden Drive,Richmond,US,804-943-8142,Marketing,Employees
Christopher.White,Christopher,White,2234 Simpson Square,Butler,US,580-664-8622,Marketing,Employees
Brent.Dunn,Brent,Dunn,2568 Cardinal Lane,Westville,US,217-267-0903,Marketing,Employees
Lorraine.Ho,Lorraine,Ho,4541 Locust Street,Blakely,US,229-724-5006,Marketing,Employees
William.Dominquez,William,Dominquez,728 Jarvis Street,Buffalo,US,716-836-8184,Marketing,Employees
Jeremiah.Velazquez,Jeremiah,Velazquez,1547 Redbud Drive,New York,US,347-934-2248,Marketing,Employees
Jeanette.Sowell,Jeanette,Sowell,4920 Oakway Lane,Anaheim,US,818-276-6616,Marketing,Employees
Erwin.Arviso,Erwin,Arviso,2953 Maxwell Farm Road,Roanoke,US,540-228-1948,Marketing,Employees
Blanca.Bondy,Blanca,Bondy,2760 Flinderation Road,Chicago,US,708-351-0778,Marketing,Employees
David.Weaver,David,Weaver,3491 Angie Drive,Placentia,US,714-996-8478,Marketing,Employees
Mary.Brown,Mary,Brown,490 Hickory Lane,Washington,US,202-532-6851,Operations,Managers
Marie.Dorsey,Marie,Dorsey,4981 County Line Road,Countryside,US,727-723-7998,Operations,Managers
Tommy.Decker,Tommy,Decker,1756 Columbia Road,Wilmington,US,302-784-1254,Operations,Managers
Sandra.Huffman,Sandra,Huffman,1497 Graystone Lakes,Macon,US,478-447-5001,Operations,Managers
Rufus.Green,Rufus,Green,3783 Penn Street,Saint James,US,573-265-3364,Operations,Managers
Nathaniel.Maez,Nathaniel,Maez,3113 George Street,Gainesville,US,352-474-2967,Operations,Employees
Carrie.Brown,Carrie,Brown,958 Cambridge Place,Salisbury,US,410-572-1505,Operations,Employees
Moses.Fredrickson,Moses,Fredrickson,544 Winding Way,Providence,US,401-586-8632,Operations,Employees
Robert.Craig,Robert,Craig,3254 Monroe Street,Houston,US,713-383-4708,Operations,Employees
Timothy.Fuller,Timothy,Fuller,3377 Harrison Street,Novato,US,415-506-3565,Operations,Employees
Patricia.Allen,Patricia,Allen,4594 Sussex Court,Evant,US,254-471-7738,Operations,Employees
Gisela.Santos,Gisela,Santos,4895 Glen Street,Earlington,US,270-383-0555,Operations,Employees
James.Estepp,James,Estepp,4067 Mount Street,Birch Run,US,989-624-7715,Operations,Employees
Ester.Culbertson,Ester,Culbertson,2461 Star Trek Drive,Pensacola,US,850-417-2182,Operations,Employees
Joshua.Ashby,Joshua,Ashby,2670 Duke Lane,Asbury Park,US,732-663-7149,Operations,Employees
Michelle.Martin,Michelle,Martin,4939 Smith Street,Worcester,US,508-844-0356,Operations,Employees
Griselda.Cox,Griselda,Cox,1597 Junior Avenue,Atlanta,US,404-562-5148,Operations,Employees
Robert.Perez,Robert,Perez,4312 Tree Top Lane,Plymouth Meeting,US,610-217-6294,Operations,Employees
Alan.Girouard,Alan,Girouard,2520 Bombardier Way,Columbus,US,740-203-9311,Operations,Employees
Nancy.Outten,Nancy,Outten,1078 Cody Ridge Road,Sweetwater,US,580-534-8111,Operations,Employees
Jessica.Halfacre,Jessica,Halfacre,2598 Shearwood Forest Drive,Concord,US,603-227-6040,Operations,Employees
Jacob.Mackey,Jacob,Mackey,2829 Carriage Court,San Diego,US,760-419-6654,Operations,Employees
Elizabeth.Goldman,Elizabeth,Goldman,4621 Kelley Road,Gulfport,US,228-563-6848,Operations,Employees
Thomas.Keel,Thomas,Keel,4227 Jehovah Drive,Roanoke,US,540-537-0747,Operations,Employees
Courtney.Moore,Courtney,Moore,866 Joes Road,Gloversville,US,518-774-0733,Operations,Employees
Stella.Walker,Stella,Walker,4967 Rose Avenue,Kenner,US,504-292-5840,Operations,Employees
James.Acosta,James,Acosta,61 Sundown Lane,Austin,US,512-329-4910,Operations,Employees
Sean.McCasland,Sean,McCasland,1117 Metz Lane,Bridgeport,US,856-954-2820,Operations,Employees
Steve.Wagner,Steve,Wagner,2245 Washburn Street,Baton Rouge,US,225-348-4226,Operations,Employees
Michael.Vanburen,Michael,Vanburen,871 Stroop Hill Road,Atlanta,US,404-888-6272,Operations,Employees
John.Saravia,John,Saravia,3454 Russell Street,Cambridge,US,978-938-5117,Services,Managers
Saul.Bramlett,Saul,Bramlett,186 Berkley Street,Plymouth Meeting,US,484-883-7789,Services,Managers
Kevin.Akin,Kevin,Akin,4927 Marshville Road,Westbury,US,845-659-0376,Services,Managers
Melinda.Hinson,Melinda,Hinson,857 Marietta Street,Santa Rosa,US,707-570-6984,Services,Managers
Timothy.Canton,Timothy,Canton,4842 Oakridge Farm Lane,New Berlin,US,262-339-3687,Services,Managers
Sharon.Hamburg,Sharon,Hamburg,2078 North Street,Ephraim,US,435-283-5341,Services,Employees
Garrett.Puckett,Garrett,Puckett,486 Stark Hollow Road,Centennial,US,970-761-4894,Services,Employees
Mary.Stacy,Mary,Stacy,3822 Arrowood Drive,St Augustine,US,904-461-7447,Services,Employees
Fernando.Manion,Fernando,Manion,3372 Steele Street,Chicago,US,630-639-2770,Services,Employees
Kelly.Koehler,Kelly,Koehler,521 Walkers Ridge Way,Downers Grove,US,630-275-3166,Services,Employees
Darcy.Thurston,Darcy,Thurston,2930 Emily Drive,Lexington,US,803-951-8919,Services,Employees
Johnny.Wacker,Johnny,Wacker,789 Bates Brothers Road,Columbus,US,614-305-9121,Services,Employees
Heather.Holdsworth,Heather,Holdsworth,1681 Moore Avenue,Fort Worth,US,817-717-3576,Services,Employees
John.Garcia,John,Garcia,4409 Angie Drive,Los Angeles,US,714-908-0637,Services,Employees
Raul.Mefford,Raul,Mefford,1517 Lowes Alley,Worthington,US,740-303-7448,Services,Employees
Jerry.Fonseca,Jerry,Fonseca,3883 Victoria Court,Portland,US,207-512-2852,Services,Employees
Virginia.Jones,Virginia,Jones,4386 Radio Park Drive,Augusta,US,706-732-4248,Services,Employees
Tyler.Rudder,Tyler,Rudder,2642 Viking Drive,Worthington,US,740-721-1736,Services,Employees
Ryan.Campbell,Ryan,Campbell,4996 Poplar Avenue,San Diego,US,619-515-6713,Services,Employees
Duane.Mullikin,Duane,Mullikin,861 Devils Hill Road,Jackson,US,601-829-5576,Services,Employees
Corina.Hill,Corina,Hill,1715 Longview Avenue,Staten Island,US,718-556-0880,Services,Employees
Sue.Alexander,Sue,Alexander,2489 Webster Street,Bound Brook,US,732-564-4692,Services,Employees
Tamra.Hanson,Tamra,Hanson,1954 Armbrester Drive,Burbank,US,310-528-6745,Services,Employees
Kristin.Daniels,Kristin,Daniels,4511 Red Dog Road,Matthews,US,704-301-6666,Services,Employees
Althea.Evans,Althea,Evans,856 Arbutus Drive,Miami Springs,US,305-862-9942,Services,Employees
Karen.Harvey,Karen,Harvey,4002 Clay Lick Road,Denver,US,720-480-2779,Services,Employees
Amanda.Slade,Amanda,Slade,3538 Sampson Street,Denver,US,303-626-5036,Services,Employees
Brent.Kelm,Brent,Kelm,2886 Gregory Lane,Louisville,US,502-572-0437,Services,Employees
Rafael.Braga,Rafael,Braga,4054 Union Street,Seattle,US,206-691-9970,Services,Employees
Stephanie.Groves,Stephanie,Groves,3701 Hardman Road,South Strafford,US,802-765-2531,Services,Employees
Allison.Parrish,Allison,Parrish,4860 Ryder Avenue,Silver Lake (Snohomish),US,425-385-7741,Sales,Managers
Brian.Esposito,Brian,Esposito,4031 Frank Avenue,Amherst,US,413-253-8451,Sales,Managers
Arlene.James,Arlene,James,1375 Eagle Street,Belleville,US,618-370-9565,Sales,Managers
Mark.Miers,Mark,Miers,475 Hummingbird Way,Junction City,US,785-210-9546,Sales,Managers
Jack.Kuhn,Jack,Kuhn,3681 Highland View Drive,Roseville,US,916-640-8919,Sales,Managers
James.Mobley,James,Mobley,1279 Layman Avenue,Fayetteville,US,910-907-0027,Sales,Employees
Anissa.Christian,Anissa,Christian,906 Hampton Meadows,Ipswich,US,978-356-2826,Sales,Employees
Daniel.McCarthy,Daniel,McCarthy,1308 Adams Avenue,Frederick,US,301-620-8663,Sales,Employees
David.Williams,David,Williams,3981 Upton Avenue,Portland,US,207-939-3116,Sales,Employees
Debra.Rudd,Debra,Rudd,951 Burning Memory Lane,Phila,US,215-303-5036,Sales,Employees
Guillermo.Milardo,Guillermo,Milardo,2722 Coulter Lane,Richmond,US,804-247-3637,Sales,Employees
Helen.McCarty,Helen,McCarty,288 Hickory Lane,Washington,US,202-485-2317,Sales,Employees
Mark.Akins,Mark,Akins,3167 Benson Park Drive,Stillwater,US,405-385-6813,Sales,Employees
Reba.Lang,Reba,Lang,2144 Arbor Court,Torrington,US,307-401-8669,Sales,Employees
Ellen.Pack,Ellen,Pack,735 Abner Road,Almond,US,715-366-7231,Sales,Employees
Nancy.Alcott,Nancy,Alcott,1877 Euclid Avenue,San Luis Obispo,US,805-291-1267,Sales,Employees
Jennifer.Green,Jennifer,Green,739 Patton Lane,Raleigh,US,919-273-3869,Sales,Employees
Diane.Wade,Diane,Wade,4445 Hillcrest Lane,Elsinore,US,951-245-0269,Sales,Employees
Karen.Vigue,Karen,Vigue,2967 Terry Lane,Orlando,US,321-221-6300,Sales,Employees
Janet.Fernandez,Janet,Fernandez,2985 Lodgeville Road,Minneapolis,US,612-336-5952,Sales,Employees
Jason.Lyons,Jason,Lyons,521 Hill Street,Mansfield,US,419-777-3870,Sales,Employees
George.Ness,George,Ness,3874 Brown Bear Drive,Riverside,US,951-680-8514,Sales,Employees
Carla.Lawson,Carla,Lawson,4700 Hannah Street,Charlotte,US,828-382-5909,Sales,Employees
Diana.Thomsen,Diana,Thomsen,3174 Dane Street,Matthews Corner,US,509-266-8432,Sales,Employees
Bradley.Daniel,Bradley,Daniel,949 Coburn Hollow Road,Monmouth,US,309-457-1589,Sales,Employees
Michael.Bowser,Michael,Bowser,4015 Jarvis Street,Buffalo,US,716-981-2740,Sales,Employees
Margaret.Ferguson,Margaret,Ferguson,1752 Bottom Lane,Sherman,US,716-761-2627,Sales,Employees
Raymond.Sherman,Raymond,Sherman,389 Tetrick Road,Tampa,US,863-268-1280,Sales,Employees
Pedro.Barras,Pedro,Barras,1144 B Street,Saint Paul,US,651-610-2302,Sales,Employees
Helen.Davis,Helen,Davis,1166 Wescam Court,Reno,US,775-931-9822,Sales,Employees
